,DDG (kcal / mol),dDDG (kcal / mol)
G613V,-0.011851923966633694,0.19839441424639256
R780Q,-0.33784940740098424,0.1981768253922467
