,DDG (kcal / mol),dDDG (kcal / mol)
G613V,-0.9184694769038886,0.18666445137220938
R780Q,-0.17704138754974397,0.1410985348181022
